group	index	source_path	sha256	exact_alias_of	contact_sheet
mockups	01	docs/ui-ux/mockups/mockup_01.png	33bc5ecf94bd8cd974c73dde0eb454435e725e6bc22fc1b882d919d481abaf29		docs/ui-ux/asset-overviews-2026-06-21/mockups-contact-sheet.png
mockups	02	docs/ui-ux/mockups/mockup_02.png	d9df86ef3767b3a1759d90480c2ed8abc1b6031e12e0b6963af06f4f5b023542		docs/ui-ux/asset-overviews-2026-06-21/mockups-contact-sheet.png
mockups	03	docs/ui-ux/mockups/mockup_03.png	2a026f5282ad8a0d01cba9a0092ff33417fa7575b7c64338199d3467c0bb4614		docs/ui-ux/asset-overviews-2026-06-21/mockups-contact-sheet.png
mockups	04	docs/ui-ux/mockups/mockup_04.png	259035d15fc48f0decf4765487447f4eca41bcea8b4feb12ad5119a6ff56e768		docs/ui-ux/asset-overviews-2026-06-21/mockups-contact-sheet.png
mockups	05	docs/ui-ux/mockups/mockup_05.png	8fa31ac263a597a7e2a63611d8d94fc741705f07a79c72d38fb14f4b17b694bb		docs/ui-ux/asset-overviews-2026-06-21/mockups-contact-sheet.png
mockups	06	docs/ui-ux/mockups/mockup_06.png	ed7fd5c9324165893c00b7c4ac8d4352fdfb6d023f41b01bdf3b068981a95b10		docs/ui-ux/asset-overviews-2026-06-21/mockups-contact-sheet.png
mockups	07	docs/ui-ux/mockups/mockup_07.png	485bf184882f38f93eb9b4fb81e17162ac231adfb808a12440c5594a69933e30		docs/ui-ux/asset-overviews-2026-06-21/mockups-contact-sheet.png
mockups	08	docs/ui-ux/mockups/mockup_08.png	0d809a335b8f81dbb57640630189f7e75dfc67d3b27bad49e5567322b6720517		docs/ui-ux/asset-overviews-2026-06-21/mockups-contact-sheet.png
mockups	09	docs/ui-ux/mockups/mockup_09.png	f4af73ee2699845a710e1d9e773fe366d4eb53b4b1635068b28ea8d5cba0d27b		docs/ui-ux/asset-overviews-2026-06-21/mockups-contact-sheet.png
mockups	10	docs/ui-ux/mockups/mockup_10.png	275466a11f7a1055203a5489248de677fc87d0523175eec1deb274f76eabb2ac		docs/ui-ux/asset-overviews-2026-06-21/mockups-contact-sheet.png
mockups	11	docs/ui-ux/mockups/mockup_11.png	25880316fe8d8a057fd62475d23dbd8737da87cefb546a16dcb46410af6389d0		docs/ui-ux/asset-overviews-2026-06-21/mockups-contact-sheet.png
mockups	12	docs/ui-ux/mockups/mockup_12.png	99a86ac8fc8aca0543226cb4a81f36a01f74ce4b63fb059e370eb16d8feec386		docs/ui-ux/asset-overviews-2026-06-21/mockups-contact-sheet.png
mockups	13	docs/ui-ux/mockups/mockup_13.png	1eb50f029c3fc04297be1b35fed3abe89b0751a1e7f0bbf3ae802a92e976bc79		docs/ui-ux/asset-overviews-2026-06-21/mockups-contact-sheet.png
mockups	14	docs/ui-ux/mockups/mockup_14.png	6960e2ee2a4cf70ed02b028a75fe259afa7224380fd2110872857e82c75d60ae		docs/ui-ux/asset-overviews-2026-06-21/mockups-contact-sheet.png
mockups	15	docs/ui-ux/mockups/mockup_15.png	079d6da9e0647aee21718071f779a775d88c0afa03fcedeb86ac3bde22ec7852		docs/ui-ux/asset-overviews-2026-06-21/mockups-contact-sheet.png
mockups	16	docs/ui-ux/mockups/mockup_16.png	7c2ec2f1116acd99a01e95aa73eadc6db22a52e62ed1fa6444269308f7023ccc		docs/ui-ux/asset-overviews-2026-06-21/mockups-contact-sheet.png
mockups	17	docs/ui-ux/mockups/mockup_17.png	ea5897aba5bbcbbff0f14f954275335dac65a6aad02f541ffb579b10ed2ee8df		docs/ui-ux/asset-overviews-2026-06-21/mockups-contact-sheet.png
mockups	18	docs/ui-ux/mockups/mockup_18.png	b6c1ebe54e4475270f6ee371c58ca13583065f735b7059f92a03679c58d529a3		docs/ui-ux/asset-overviews-2026-06-21/mockups-contact-sheet.png
mockups	19	docs/ui-ux/mockups/mockup_19.png	0eedcb54145479e189110c145a11c45e72c2322c3a94e1ca04a05ec601231499		docs/ui-ux/asset-overviews-2026-06-21/mockups-contact-sheet.png
mockups	20	docs/ui-ux/mockups/mockup_20.png	497642023fd1376ec0e8fef38fc16f0a05515f8b568aeb43a8ee87ff6abc3606		docs/ui-ux/asset-overviews-2026-06-21/mockups-contact-sheet.png
mockups	21	docs/ui-ux/mockups/mockup_21.png	a196408b12404389c59d48acf2749612cce2968273e27dffddad363e099cd374		docs/ui-ux/asset-overviews-2026-06-21/mockups-contact-sheet.png
mockups	22	docs/ui-ux/mockups/mockup_22.png	0aae84df84b0047611d5af762ac8aa2c6b2bae02326ff8b9561d951864af5ecf		docs/ui-ux/asset-overviews-2026-06-21/mockups-contact-sheet.png
mockups	23	docs/ui-ux/mockups/mockup_23.png	985dccbfc9d4bcfbae26acd1e1244733820232b44efaf5212831fbc7380dd38e		docs/ui-ux/asset-overviews-2026-06-21/mockups-contact-sheet.png
mockups	24	docs/ui-ux/mockups/mockup_24.png	ba564e97cedcd1f985f22f2454822839d30c804ab7ee2a8a731921c6a68cb93c		docs/ui-ux/asset-overviews-2026-06-21/mockups-contact-sheet.png
mockups	25	docs/ui-ux/mockups/mockup_25.png	76cf8f0f41f55c40fb34c641f4c699cd136ea2e1aa86ccb866225e10ad1f093b		docs/ui-ux/asset-overviews-2026-06-21/mockups-contact-sheet.png
mockups	26	docs/ui-ux/mockups/mockup_26.png	cdfc0af4a536e62bfbcb4ccb4d462268fdc94b68b5b00341899408de59264189		docs/ui-ux/asset-overviews-2026-06-21/mockups-contact-sheet.png
mockups	27	docs/ui-ux/mockups/mockup_27.png	500e4968b44f6a1bd2c45c1ea0d001b81403f8226b4eb181897bced31f28d34d		docs/ui-ux/asset-overviews-2026-06-21/mockups-contact-sheet.png
mockups	28	docs/ui-ux/mockups/mockup_28.png	7f027fad30801fffde76a9df9c8d884a5cac85c329eae499d4ef6153dfa71907		docs/ui-ux/asset-overviews-2026-06-21/mockups-contact-sheet.png
mockups	29	docs/ui-ux/mockups/mockup_29.png	2c274e9c9c5a6e7e4e4cfd54a12b8f9b5f1dfa1eabe7ced6f3abb0a057003831		docs/ui-ux/asset-overviews-2026-06-21/mockups-contact-sheet.png
mockups	30	docs/ui-ux/mockups/mockup_30.png	c96e676625fae0b744e0b5df5a709cb4ec3a57107cbcffc242689040aa7c4eea		docs/ui-ux/asset-overviews-2026-06-21/mockups-contact-sheet.png
mockups	31	docs/ui-ux/mockups/mockup_31.png	8986c4c3995bde4154575b5c2df67e157848811bff825d66e410883fa0fa8bf7		docs/ui-ux/asset-overviews-2026-06-21/mockups-contact-sheet.png
mockups	32	docs/ui-ux/mockups/mockup_32.png	4b564204b2851d9a853e104b6ff5ad2b267ef3fd70bb61c533000d38df40894e		docs/ui-ux/asset-overviews-2026-06-21/mockups-contact-sheet.png
mockups	33	docs/ui-ux/mockups/mockup_33.png	a8c3fb85cc1b1709b7e9798928a75023719aab485d44a388586175163cd3f473		docs/ui-ux/asset-overviews-2026-06-21/mockups-contact-sheet.png
mockups	34	docs/ui-ux/mockups/mockup_34.png	44a18251c1413cb4df18ca8c0ec4538927d98de7d2dcb93e84df12504da34633		docs/ui-ux/asset-overviews-2026-06-21/mockups-contact-sheet.png
mockups	35	docs/ui-ux/mockups/mockup_35.png	df52929f4954cf450f0b2bcad5b2992877d9516d4904c1d3caddcf94d06c692b		docs/ui-ux/asset-overviews-2026-06-21/mockups-contact-sheet.png
mockups	36	docs/ui-ux/mockups/mockup_36.png	0b8e8e735c40a7d6b8d1eccb23e857df761bc9b02cc1ca4856d0dd6f0695f30d		docs/ui-ux/asset-overviews-2026-06-21/mockups-contact-sheet.png
mockups	37	docs/ui-ux/mockups/mockup_37.png	ec17453ac4c65678d08f56155a1e33f5d283194adb1dbb96d95dedf223f4b738		docs/ui-ux/asset-overviews-2026-06-21/mockups-contact-sheet.png
mockups	38	docs/ui-ux/mockups/mockup_38.png	b0baa9a4916d4a1fa48e895d8919cf4caa8dc58b1f26c9e33f1f06417dbc2b16		docs/ui-ux/asset-overviews-2026-06-21/mockups-contact-sheet.png
mockups	39	docs/ui-ux/mockups/mockup_39.png	e7f8f7fcefabc8cfa3ca82e5bdc7337be738d83ca72e3abdfcdb468dc19d8349		docs/ui-ux/asset-overviews-2026-06-21/mockups-contact-sheet.png
mockups	40	docs/ui-ux/mockups/mockup_40.png	0d65fb0d96c7f010580d33cf75ec241962ba55c926f39fcc1e847c01b337900a		docs/ui-ux/asset-overviews-2026-06-21/mockups-contact-sheet.png
mockups	41	docs/ui-ux/mockups/mockup_41.png	7e092999a75dff6262014a1247f373e81dae7dfa0aafc72553badad476285528		docs/ui-ux/asset-overviews-2026-06-21/mockups-contact-sheet.png
reference-set-2026-06-18	01	docs/ui-ux/reference-set-2026-06-18/images/ui-ux-reference-01.png	a3440cf5bd361946cba76ec90801225a66622e31e32c6915e70c86b101474236		docs/ui-ux/asset-overviews-2026-06-21/reference-set-contact-sheet.png
reference-set-2026-06-18	02	docs/ui-ux/reference-set-2026-06-18/images/ui-ux-reference-02.png	70b7c2153935ae2fe00a1f7ad10ffcea0f910967f6a1021df80622e20c2cc4a0		docs/ui-ux/asset-overviews-2026-06-21/reference-set-contact-sheet.png
reference-set-2026-06-18	03	docs/ui-ux/reference-set-2026-06-18/images/ui-ux-reference-03.png	de0ad273b1b4a9795300675c5e7129649dad304ac28cb244068f023d457efaca		docs/ui-ux/asset-overviews-2026-06-21/reference-set-contact-sheet.png
reference-set-2026-06-18	04	docs/ui-ux/reference-set-2026-06-18/images/ui-ux-reference-04.png	ecfb2c4f9f718ee29e8d9fbe0c522de6b13c6067c7f24acd188b2f371aba5faa		docs/ui-ux/asset-overviews-2026-06-21/reference-set-contact-sheet.png
reference-set-2026-06-18	05	docs/ui-ux/reference-set-2026-06-18/images/ui-ux-reference-05.png	fdb06ecddd26c65d2fde2f50a902a856486828951beafa08d8ed966bac817cce		docs/ui-ux/asset-overviews-2026-06-21/reference-set-contact-sheet.png
reference-set-2026-06-18	06	docs/ui-ux/reference-set-2026-06-18/images/ui-ux-reference-06.png	fa9f4be55ef3652e14cb6c01fc4d7a800bab6ed84af7a0dc9ae9db52b2008e55		docs/ui-ux/asset-overviews-2026-06-21/reference-set-contact-sheet.png
reference-set-2026-06-18	07	docs/ui-ux/reference-set-2026-06-18/images/ui-ux-reference-07.png	1a523dbd2cdea540d74a2cadff00c8c619e23d144b583faf5d1b33ab7452c98c		docs/ui-ux/asset-overviews-2026-06-21/reference-set-contact-sheet.png
reference-set-2026-06-18	08	docs/ui-ux/reference-set-2026-06-18/images/ui-ux-reference-08.png	9e2019f624491e66b574e5e29670899fbc2924e03d6c81fde5138fe952239607		docs/ui-ux/asset-overviews-2026-06-21/reference-set-contact-sheet.png
reference-set-2026-06-18	09	docs/ui-ux/reference-set-2026-06-18/images/ui-ux-reference-09.png	281e4664b3fd0799ee90c8a0d3a812d9250900f337217dddd67f3590efce66ba		docs/ui-ux/asset-overviews-2026-06-21/reference-set-contact-sheet.png
reference-set-2026-06-18	10	docs/ui-ux/reference-set-2026-06-18/images/ui-ux-reference-10.png	348808c87126e865aa685f9c09f94bc9ee5e298919e4d9f9d939f6c7b63d5253		docs/ui-ux/asset-overviews-2026-06-21/reference-set-contact-sheet.png
reference-set-2026-06-18	11	docs/ui-ux/reference-set-2026-06-18/images/ui-ux-reference-11.png	82f3e4a5cbdd97baab9791ec81c901f6f98efb8b6547196435d30dc13abfb1b4		docs/ui-ux/asset-overviews-2026-06-21/reference-set-contact-sheet.png
reference-set-2026-06-18	12	docs/ui-ux/reference-set-2026-06-18/images/ui-ux-reference-12.png	dcc334c72931f88b1c8640ae22d7ff3a307ffbd8566af59bec2878b3f22a8919		docs/ui-ux/asset-overviews-2026-06-21/reference-set-contact-sheet.png
reference-set-2026-06-18	13	docs/ui-ux/reference-set-2026-06-18/images/ui-ux-reference-13.png	5559c6cff336ce320485edbc1c8c1a5ed813833916996925a1acef239c8da042		docs/ui-ux/asset-overviews-2026-06-21/reference-set-contact-sheet.png
reference-set-2026-06-18	14	docs/ui-ux/reference-set-2026-06-18/images/ui-ux-reference-14.png	990a79be92da830f6bf037e83d4c7cb55fae4b2a0e4874a62607fe8566ec23f5		docs/ui-ux/asset-overviews-2026-06-21/reference-set-contact-sheet.png
reference-set-2026-06-18	15	docs/ui-ux/reference-set-2026-06-18/images/ui-ux-reference-15.png	05e82645df3321bd8f98a1dab3c199ccb90227f13ff2fd8d88ae7bcf92ba0e61		docs/ui-ux/asset-overviews-2026-06-21/reference-set-contact-sheet.png
reference-set-2026-06-18	16	docs/ui-ux/reference-set-2026-06-18/images/ui-ux-reference-16.png	9c13f81d8010bc9417e6f0b87e76b706444b677b07a8d913f41ad9df5b159e57		docs/ui-ux/asset-overviews-2026-06-21/reference-set-contact-sheet.png
reference-set-2026-06-18	17	docs/ui-ux/reference-set-2026-06-18/images/ui-ux-reference-17.png	786f88f79812541540b6cc9cadc88c58dbc2e1b5d2d79d3f56e2b62b369171a0		docs/ui-ux/asset-overviews-2026-06-21/reference-set-contact-sheet.png
reference-set-2026-06-18	18	docs/ui-ux/reference-set-2026-06-18/images/ui-ux-reference-18.png	ad0ec8260b4a7d2535f683858096c60ee8696a92a5a02e4fc4ce6bb075098f47		docs/ui-ux/asset-overviews-2026-06-21/reference-set-contact-sheet.png
reference-set-2026-06-18	19	docs/ui-ux/reference-set-2026-06-18/images/ui-ux-reference-19.png	ad07760ff832e6fe439340335a7722210d0bf86894e76bc79545393af467b26d		docs/ui-ux/asset-overviews-2026-06-21/reference-set-contact-sheet.png
reference-set-2026-06-18	20	docs/ui-ux/reference-set-2026-06-18/images/ui-ux-reference-20.png	be80802ad134d7c3f9a829d395ff5ffdbef1b58f641c6c613e710fe310276a70		docs/ui-ux/asset-overviews-2026-06-21/reference-set-contact-sheet.png
reference-set-2026-06-18	21	docs/ui-ux/reference-set-2026-06-18/images/ui-ux-reference-21.png	d2f90c1d90cf04899112436ca9cd247c711ac95bfbe65938afd19bfc39d72a4d		docs/ui-ux/asset-overviews-2026-06-21/reference-set-contact-sheet.png
reference-set-2026-06-18	22	docs/ui-ux/reference-set-2026-06-18/images/ui-ux-reference-22.png	fcbbb4589c544fcff551c1c8bd5b05d6d36fad13fa739e97b443fd50d12e4776		docs/ui-ux/asset-overviews-2026-06-21/reference-set-contact-sheet.png
reference-set-2026-06-18	23	docs/ui-ux/reference-set-2026-06-18/images/ui-ux-reference-23.png	83b7dff57f5956741d640546078b25d71618e24d4e2d2ccf6f5144c961bf24e1		docs/ui-ux/asset-overviews-2026-06-21/reference-set-contact-sheet.png
reference-set-2026-06-18	24	docs/ui-ux/reference-set-2026-06-18/images/ui-ux-reference-24.png	cd735d628d7ccfc61a77ae7364fcd20114632f2720a699c44018991e7a6c2f9c		docs/ui-ux/asset-overviews-2026-06-21/reference-set-contact-sheet.png
reference-set-2026-06-18	25	docs/ui-ux/reference-set-2026-06-18/images/ui-ux-reference-25.png	7035b80a751c395a82e1affb11d9e85a34efa633480682bf1560f0146db0c40f		docs/ui-ux/asset-overviews-2026-06-21/reference-set-contact-sheet.png
reference-set-2026-06-18	26	docs/ui-ux/reference-set-2026-06-18/images/ui-ux-reference-26.png	b6658b265648f1b10f860dc314c7cd03a3d60ce02bfa6ad8f36e73e639c99b68		docs/ui-ux/asset-overviews-2026-06-21/reference-set-contact-sheet.png
reference-set-2026-06-18	27	docs/ui-ux/reference-set-2026-06-18/images/ui-ux-reference-27.png	eae59760a810a166802661afab45a433c02494ad7d8c07c28bdf4233bb79ffe4		docs/ui-ux/asset-overviews-2026-06-21/reference-set-contact-sheet.png
reference-set-2026-06-18	28	docs/ui-ux/reference-set-2026-06-18/images/ui-ux-reference-28.png	eafc8ad00b78fbd8e9f8426e2d89f38867e1eda0958bbe60dc1ed7ce89dde079		docs/ui-ux/asset-overviews-2026-06-21/reference-set-contact-sheet.png
reference-set-2026-06-18	29	docs/ui-ux/reference-set-2026-06-18/images/ui-ux-reference-29.png	6aeb872d1e072d0a05d452f6d575e5738b52192b586d8c0b23fe58c198c7b8c4		docs/ui-ux/asset-overviews-2026-06-21/reference-set-contact-sheet.png
reference-set-2026-06-18	30	docs/ui-ux/reference-set-2026-06-18/images/ui-ux-reference-30.png	c129003a759388ebe1fd8d85776dd35b6023a1d275bad0a9d019f6d67ea519a3		docs/ui-ux/asset-overviews-2026-06-21/reference-set-contact-sheet.png
reference-set-2026-06-18	31	docs/ui-ux/reference-set-2026-06-18/images/ui-ux-reference-31.png	684b6d306899c809f2614a1a16948e517b1bf5b6a37d91c98d7e6ca474fce412		docs/ui-ux/asset-overviews-2026-06-21/reference-set-contact-sheet.png
reference-set-2026-06-18	32	docs/ui-ux/reference-set-2026-06-18/images/ui-ux-reference-32.png	1900ca19d6b26bc5e6a01a9a7b2799e68d8ef04ffee61ca7f3dee78d7a4a4af4		docs/ui-ux/asset-overviews-2026-06-21/reference-set-contact-sheet.png
reference-set-2026-06-18	33	docs/ui-ux/reference-set-2026-06-18/images/ui-ux-reference-33.png	ca4e401c75b119d479e716fbd84165cf86c74fbf7d5840f786b6d8f0c0b29f68		docs/ui-ux/asset-overviews-2026-06-21/reference-set-contact-sheet.png
reference-set-2026-06-18	34	docs/ui-ux/reference-set-2026-06-18/images/ui-ux-reference-34.png	019ac317c5d0d5ff41a05d55943ee038e48752b318e8bc1dc7f4ed0f553eca63		docs/ui-ux/asset-overviews-2026-06-21/reference-set-contact-sheet.png
reference-set-2026-06-18	35	docs/ui-ux/reference-set-2026-06-18/images/ui-ux-reference-35.png	42a378040ed545815410a73bc166b5ec7c965e378f0b3914614e827af25b6edd		docs/ui-ux/asset-overviews-2026-06-21/reference-set-contact-sheet.png
reference-set-2026-06-18	36	docs/ui-ux/reference-set-2026-06-18/images/ui-ux-reference-36.png	574c59dc6c892f1ef3f42ab75f46d5742a8bbbd481037858842e6aa12ff19dc9		docs/ui-ux/asset-overviews-2026-06-21/reference-set-contact-sheet.png
reference-set-2026-06-18	37	docs/ui-ux/reference-set-2026-06-18/images/ui-ux-reference-37.png	50ed3b908171735e140e3324a0538b4201590fad31c2970ac091b0bf8ee8a04d		docs/ui-ux/asset-overviews-2026-06-21/reference-set-contact-sheet.png
reference-set-2026-06-18	38	docs/ui-ux/reference-set-2026-06-18/images/ui-ux-reference-38.png	680dd3ff72464f529a07bbd452a3d8a8d0f28b92bc651a0557e601d6aa698fe5		docs/ui-ux/asset-overviews-2026-06-21/reference-set-contact-sheet.png
reference-set-2026-06-18	39	docs/ui-ux/reference-set-2026-06-18/images/ui-ux-reference-39.png	fdce34271aaf8e4cdaf18bd78a11725792522c77a36c5e731b47ef328556f929		docs/ui-ux/asset-overviews-2026-06-21/reference-set-contact-sheet.png
reference-set-2026-06-18	40	docs/ui-ux/reference-set-2026-06-18/images/ui-ux-reference-40.png	d8e7888d3012db108a50b49a5b78a91fbae23ea8a16907614ba63d55e79af7ce		docs/ui-ux/asset-overviews-2026-06-21/reference-set-contact-sheet.png
reference-set-2026-06-18	41	docs/ui-ux/reference-set-2026-06-18/images/ui-ux-reference-41.png	4cb1d3def437b6914bbb7b94bbe409c23bd7cb33f61504916db6fe3492d9d1e3		docs/ui-ux/asset-overviews-2026-06-21/reference-set-contact-sheet.png
reference-set-2026-06-18	42	docs/ui-ux/reference-set-2026-06-18/images/ui-ux-reference-42.png	ca2e677870839411bd95832e5316959c17b25d29b1b6d67b959e264c2b2b471b		docs/ui-ux/asset-overviews-2026-06-21/reference-set-contact-sheet.png
reference-set-2026-06-18	43	docs/ui-ux/reference-set-2026-06-18/images/ui-ux-reference-43.png	e6537062bba89b59ebc61a5f87b8e13fb56e02a1d3ee24996d1bf5a2885be3c0		docs/ui-ux/asset-overviews-2026-06-21/reference-set-contact-sheet.png
reference-set-2026-06-18	44	docs/ui-ux/reference-set-2026-06-18/images/ui-ux-reference-44.png	b6895ee7d321d6554704d399623c7414c56cf482b89d0a491bd4e54cd63de057		docs/ui-ux/asset-overviews-2026-06-21/reference-set-contact-sheet.png
reference-set-2026-06-18	45	docs/ui-ux/reference-set-2026-06-18/images/ui-ux-reference-45.png	550195af12a26025cd1375a355be7e4e81ae72aa4a015e6fd16b600a2f414f18		docs/ui-ux/asset-overviews-2026-06-21/reference-set-contact-sheet.png
frontend-branding-aliases	01	frontend/branding/naruon-ux-mockup-1.png	0d809a335b8f81dbb57640630189f7e75dfc67d3b27bad49e5567322b6720517	docs/ui-ux/mockups/mockup_08.png	docs/ui-ux/asset-overviews-2026-06-21/frontend-branding-alias-contact-sheet.png
frontend-branding-aliases	02	frontend/branding/naruon-ux-mockup-2.png	f4af73ee2699845a710e1d9e773fe366d4eb53b4b1635068b28ea8d5cba0d27b	docs/ui-ux/mockups/mockup_09.png	docs/ui-ux/asset-overviews-2026-06-21/frontend-branding-alias-contact-sheet.png
frontend-branding-aliases	03	frontend/branding/naruon-ux-mockup-3.png	275466a11f7a1055203a5489248de677fc87d0523175eec1deb274f76eabb2ac	docs/ui-ux/mockups/mockup_10.png	docs/ui-ux/asset-overviews-2026-06-21/frontend-branding-alias-contact-sheet.png
frontend-branding-aliases	04	frontend/branding/naruon-ux-mockup-4.png	25880316fe8d8a057fd62475d23dbd8737da87cefb546a16dcb46410af6389d0	docs/ui-ux/mockups/mockup_11.png	docs/ui-ux/asset-overviews-2026-06-21/frontend-branding-alias-contact-sheet.png
frontend-branding-aliases	05	frontend/branding/naruon-ux-mockup-5.png	99a86ac8fc8aca0543226cb4a81f36a01f74ce4b63fb059e370eb16d8feec386	docs/ui-ux/mockups/mockup_12.png	docs/ui-ux/asset-overviews-2026-06-21/frontend-branding-alias-contact-sheet.png
frontend-branding-aliases	06	frontend/branding/naruon-ux-mockup-6.png	1eb50f029c3fc04297be1b35fed3abe89b0751a1e7f0bbf3ae802a92e976bc79	docs/ui-ux/mockups/mockup_13.png	docs/ui-ux/asset-overviews-2026-06-21/frontend-branding-alias-contact-sheet.png
frontend-branding-aliases	07	frontend/branding/naruon-ux-mockup-7.png	6960e2ee2a4cf70ed02b028a75fe259afa7224380fd2110872857e82c75d60ae	docs/ui-ux/mockups/mockup_14.png	docs/ui-ux/asset-overviews-2026-06-21/frontend-branding-alias-contact-sheet.png
frontend-branding-aliases	08	frontend/branding/naruon-ux-mockup-8.png	079d6da9e0647aee21718071f779a775d88c0afa03fcedeb86ac3bde22ec7852	docs/ui-ux/mockups/mockup_15.png	docs/ui-ux/asset-overviews-2026-06-21/frontend-branding-alias-contact-sheet.png
frontend-branding-aliases	09	frontend/branding/naruon-ux-mockup-9.png	ea5897aba5bbcbbff0f14f954275335dac65a6aad02f541ffb579b10ed2ee8df	docs/ui-ux/mockups/mockup_17.png	docs/ui-ux/asset-overviews-2026-06-21/frontend-branding-alias-contact-sheet.png
frontend-branding-aliases	10	frontend/branding/naruon-ux-mockup-10.png	7c2ec2f1116acd99a01e95aa73eadc6db22a52e62ed1fa6444269308f7023ccc	docs/ui-ux/mockups/mockup_16.png	docs/ui-ux/asset-overviews-2026-06-21/frontend-branding-alias-contact-sheet.png
